Link,UniqueClicks,PctUniqClicks,TotalClicks,PctTotal Clicks,NetCTR,EmailNumber,LinkPlacement,Date
https://usm.maine.edu/apply,157,15.08%,173,15.52%,1.88%,Email7,Email7 Link_Number 1,11/05/2019
http://usm.maine.edu,128,12.30%,140,12.56%,1.53%,Email7,Email7 Link_Number 2,11/05/2019
https://usm.maine.edu/maps-parking-transportation/bus,127,12.20%,127,11.39%,1.52%,Email7,Email7 Link_Number 3,11/05/2019
https://usm.maine.edu/sustainability/ecorep,127,12.20%,127,11.39%,1.52%,Email7,Email7 Link_Number 4,11/05/2019
https://usm.maine.edu/sustainability/recycling,126,12.10%,126,11.30%,1.51%,Email7,Email7 Link_Number 5,11/05/2019
https://usm.maine.edu/sustainability/sustainable-landscapes,125,12.01%,125,11.21%,1.50%,Email7,Email7 Link_Number 6,11/05/2019
https://usm.maine.edu/visit#virtualtour,62,5.96%,67,6.01%,0.74%,Email7,Email7 Link_Number 7,11/05/2019
https://usm.maine.edu/office-of-admissions/experience-usm,57,5.48%,61,5.47%,0.68%,Email7,Email7 Link_Number 8,11/05/2019
https://usm.maine.edu/environmental-science/overview,57,5.48%,58,5.20%,0.68%,Email7,Email7 Link_Number 9,11/05/2019
https://usm.maine.edu/student-financial-services/fafsa-process-and-deadline,57,5.48%,58,5.20%,0.68%,Email7,Email7 Link_Number 10,11/05/2019
Unsubscribe,15,1.44%,49,4.40%,0.18%,Email7,Email7 Link_Number 11,11/05/2019
http://facebook.com/USouthernMaine,1,0.10%,2,0.18%,0.01%,Email7,Email7 Link_Number 12,11/05/2019
http://click.e-usm.maine.edu/profile_center.aspx?s=%%ex2;subscriberid%%&mid=%%ex2;MemberID%%&j=febf12797c640079&l=%%ex2;listid%%&jb=%%ex2;_JobSubscriberBatchID%%&ju=%%ex2;joburlid%%,1,0.10%,1,0.09%,0.01%,Email7,Email7 Link_Number 13,11/05/2019
http://usm.maine.edu/high-school-students,1,0.10%,1,0.09%,0.01%,Email7,Email7 Link_Number 14,11/05/2019
http://click.e-usm.maine.edu/unsub_center.aspx?s=%%ex2;subscriberid%%&j=febf12797c640079&mid=%%ex2;MemberID%%&lid=%%ex2;listid%%&jb=%%ex2;_JobSubscriberBatchID%%&ju=%%ex2;joburlid%%,0,0.00%,0,0.00%,0.00%,Email7,Email7 Link_Number 15,11/05/2019
http://instagram.com/USouthernMaine,0,0.00%,0,0.00%,0.00%,Email7,Email7 Link_Number 16,11/05/2019
http://linkedin.com/edu/school?id=18589,0,0.00%,0,0.00%,0.00%,Email7,Email7 Link_Number 17,11/05/2019
http://twitter.com/USouthernMaine,0,0.00%,0,0.00%,0.00%,Email7,Email7 Link_Number 18,11/05/2019
http://view.e-usm.maine.edu/?j=febf12797c640079&m=%%ex2;MemberID%%&ls=%%ex2;listsubid%%&l=%%ex2;listid%%&s=%%ex2;SubscriberID%%&jb=%%ex2;_JobSubscriberBatchID%%&ju=%%ex2;joburlid%%,0,0.00%,0,0.00%,0.00%,Email7,Email7 Link_Number 19,11/05/2019
http://view.e-usm.maine.edu/ftaf.aspx?j=febf12797c640079&m=%%ex2;MemberID%%&ls=%%ex2;listsubid%%&jb=%%ex2;_JobSubscriberBatchID%%,0,0.00%,0,0.00%,0.00%,Email7,Email7 Link_Number 20,11/05/2019
http://youtube.com/user/USouthernMaine,0,0.00%,0,0.00%,0.00%,Email7,Email7 Link_Number 21,11/05/2019
https://facebook.com/usouthernmaine,0,0.00%,0,0.00%,0.00%,Email7,Email7 Link_Number 22,11/05/2019
https://instagram.com/usouthernmaine,0,0.00%,0,0.00%,0.00%,Email7,Email7 Link_Number 23,11/05/2019
https://twitter.com/usouthernmaine,0,0.00%,0,0.00%,0.00%,Email7,Email7 Link_Number 24,11/05/2019
https://www.linkedin.com/school/university-of-southern-maine,0,0.00%,0,0.00%,0.00%,Email7,Email7 Link_Number 25,11/05/2019
https://youtube.com/user/usouthernmaine,0,0.00%,0,0.00%,0.00%,Email7,Email7 Link_Number 26,11/05/2019
Totals,1041,,1115,,,Email7,Email7 Link_Number 27,11/05/2019
,NA,,NA,,,Email7,Email7 Link_Number 28,11/05/2019
https://usm.maine.edu/apply,42,18.67%,47,19.03%,2.01%,Email8A,Email8A Link_Number 1,11/21/2019
https://usm.maine.edu/office-of-admissions/video-ashley-howe,36,16.00%,36,14.58%,1.72%,Email8A,Email8A Link_Number 2,11/21/2019
https://usm.maine.edu/student-financial-services/fafsa-process-and-deadline,34,15.11%,34,13.77%,1.62%,Email8A,Email8A Link_Number 3,11/21/2019
https://usm.maine.edu/meet-our-faculty,33,14.67%,37,14.98%,1.58%,Email8A,Email8A Link_Number 4,11/21/2019
http://usm.maine.edu,33,14.67%,36,14.58%,1.58%,Email8A,Email8A Link_Number 5,11/21/2019
https://usm.maine.edu/advising,33,14.67%,35,14.17%,1.58%,Email8A,Email8A Link_Number 6,11/21/2019
Unsubscribe,6,2.67%,12,4.86%,0.29%,Email8A,Email8A Link_Number 7,11/21/2019
https://usm.maine.edu/visit#virtualtour,4,1.78%,4,1.62%,0.19%,Email8A,Email8A Link_Number 8,11/21/2019
http://instagram.com/USouthernMaine,1,0.44%,2,0.81%,0.05%,Email8A,Email8A Link_Number 9,11/21/2019
http://twitter.com/USouthernMaine,1,0.44%,2,0.81%,0.05%,Email8A,Email8A Link_Number 10,11/21/2019
http://facebook.com/USouthernMaine,1,0.44%,1,0.41%,0.05%,Email8A,Email8A Link_Number 11,11/21/2019
http://view.e-usm.maine.edu/?j=fecd13727460077c&m=%%ex2;MemberID%%&ls=%%ex2;listsubid%%&l=%%ex2;listid%%&s=%%ex2;SubscriberID%%&jb=%%ex2;_JobSubscriberBatchID%%&ju=%%ex2;joburlid%%,1,0.44%,1,0.41%,0.05%,Email8A,Email8A Link_Number 12,11/21/2019
http://click.e-usm.maine.edu/profile_center.aspx?s=%%ex2;subscriberid%%&mid=%%ex2;MemberID%%&j=fecd13727460077c&l=%%ex2;listid%%&jb=%%ex2;_JobSubscriberBatchID%%&ju=%%ex2;joburlid%%,0,0.00%,0,0.00%,0.00%,Email8A,Email8A Link_Number 13,11/21/2019
http://click.e-usm.maine.edu/unsub_center.aspx?s=%%ex2;subscriberid%%&j=fecd13727460077c&mid=%%ex2;MemberID%%&lid=%%ex2;listid%%&jb=%%ex2;_JobSubscriberBatchID%%&ju=%%ex2;joburlid%%,0,0.00%,0,0.00%,0.00%,Email8A,Email8A Link_Number 14,11/21/2019
http://linkedin.com/edu/school?id=18589,0,0.00%,0,0.00%,0.00%,Email8A,Email8A Link_Number 15,11/21/2019
http://usm.maine.edu/high-school-students,0,0.00%,0,0.00%,0.00%,Email8A,Email8A Link_Number 16,11/21/2019
http://view.e-usm.maine.edu/ftaf.aspx?j=fecd13727460077c&m=%%ex2;MemberID%%&ls=%%ex2;listsubid%%&jb=%%ex2;_JobSubscriberBatchID%%,0,0.00%,0,0.00%,0.00%,Email8A,Email8A Link_Number 17,11/21/2019
http://youtube.com/user/USouthernMaine,0,0.00%,0,0.00%,0.00%,Email8A,Email8A Link_Number 18,11/21/2019
https://facebook.com/usouthernmaine,0,0.00%,0,0.00%,0.00%,Email8A,Email8A Link_Number 19,11/21/2019
https://instagram.com/usouthernmaine,0,0.00%,0,0.00%,0.00%,Email8A,Email8A Link_Number 20,11/21/2019
https://twitter.com/usouthernmaine,0,0.00%,0,0.00%,0.00%,Email8A,Email8A Link_Number 21,11/21/2019
https://www.linkedin.com/school/university-of-southern-maine,0,0.00%,0,0.00%,0.00%,Email8A,Email8A Link_Number 22,11/21/2019
https://youtube.com/user/usouthernmaine,0,0.00%,0,0.00%,0.00%,Email8A,Email8A Link_Number 23,11/21/2019
Totals,225,,247,,,Email8A,Email8A Link_Number 24,11/21/2019
,NA,,NA,,,Email8A,Email8A Link_Number 25,11/21/2019
https://usm.maine.edu/apply,51,18.21%,56,17.95%,2.42%,Email8B,Email8B Link_Number 1,11/21/2019
http://usm.maine.edu,41,14.64%,44,14.10%,1.95%,Email8B,Email8B Link_Number 2,11/21/2019
https://usm.maine.edu/office-of-admissions/video-ashley-howe,41,14.64%,41,13.14%,1.95%,Email8B,Email8B Link_Number 3,11/21/2019
https://usm.maine.edu/meet-our-faculty,40,14.29%,44,14.10%,1.90%,Email8B,Email8B Link_Number 4,11/21/2019
https://usm.maine.edu/advising,40,14.29%,43,13.78%,1.90%,Email8B,Email8B Link_Number 5,11/21/2019
https://usm.maine.edu/student-financial-services/fafsa-process-and-deadline,40,14.29%,40,12.82%,1.90%,Email8B,Email8B Link_Number 6,11/21/2019
http://twitter.com/USouthernMaine,6,2.14%,10,3.21%,0.29%,Email8B,Email8B Link_Number 7,11/21/2019
https://usm.maine.edu/visit#virtualtour,6,2.14%,6,1.92%,0.29%,Email8B,Email8B Link_Number 8,11/21/2019
Unsubscribe,4,1.43%,12,3.85%,0.19%,Email8B,Email8B Link_Number 9,11/21/2019
http://instagram.com/USouthernMaine,4,1.43%,8,2.56%,0.19%,Email8B,Email8B Link_Number 10,11/21/2019
http://facebook.com/USouthernMaine,4,1.43%,4,1.28%,0.19%,Email8B,Email8B Link_Number 11,11/21/2019
http://view.e-usm.maine.edu/?j=fecc13727460077f&m=%%ex2;MemberID%%&ls=%%ex2;listsubid%%&l=%%ex2;listid%%&s=%%ex2;SubscriberID%%&jb=%%ex2;_JobSubscriberBatchID%%&ju=%%ex2;joburlid%%,1,0.36%,2,0.64%,0.05%,Email8B,Email8B Link_Number 12,11/21/2019
http://linkedin.com/edu/school?id=18589,1,0.36%,1,0.32%,0.05%,Email8B,Email8B Link_Number 13,11/21/2019
http://usm.maine.edu/high-school-students,1,0.36%,1,0.32%,0.05%,Email8B,Email8B Link_Number 14,11/21/2019
http://click.e-usm.maine.edu/profile_center.aspx?s=%%ex2;subscriberid%%&mid=%%ex2;MemberID%%&j=fecc13727460077f&l=%%ex2;listid%%&jb=%%ex2;_JobSubscriberBatchID%%&ju=%%ex2;joburlid%%,0,0.00%,0,0.00%,0.00%,Email8B,Email8B Link_Number 15,11/21/2019
http://click.e-usm.maine.edu/unsub_center.aspx?s=%%ex2;subscriberid%%&j=fecc13727460077f&mid=%%ex2;MemberID%%&lid=%%ex2;listid%%&jb=%%ex2;_JobSubscriberBatchID%%&ju=%%ex2;joburlid%%,0,0.00%,0,0.00%,0.00%,Email8B,Email8B Link_Number 16,11/21/2019
http://view.e-usm.maine.edu/ftaf.aspx?j=fecc13727460077f&m=%%ex2;MemberID%%&ls=%%ex2;listsubid%%&jb=%%ex2;_JobSubscriberBatchID%%,0,0.00%,0,0.00%,0.00%,Email8B,Email8B Link_Number 17,11/21/2019
http://youtube.com/user/USouthernMaine,0,0.00%,0,0.00%,0.00%,Email8B,Email8B Link_Number 18,11/21/2019
https://facebook.com/usouthernmaine,0,0.00%,0,0.00%,0.00%,Email8B,Email8B Link_Number 19,11/21/2019
https://instagram.com/usouthernmaine,0,0.00%,0,0.00%,0.00%,Email8B,Email8B Link_Number 20,11/21/2019
https://twitter.com/usouthernmaine,0,0.00%,0,0.00%,0.00%,Email8B,Email8B Link_Number 21,11/21/2019
https://www.linkedin.com/school/university-of-southern-maine,0,0.00%,0,0.00%,0.00%,Email8B,Email8B Link_Number 22,11/21/2019
https://youtube.com/user/usouthernmaine,0,0.00%,0,0.00%,0.00%,Email8B,Email8B Link_Number 23,11/21/2019
Totals,280,,312,,,Email8B,Email8B Link_Number 24,11/21/2019
,NA,,NA,,,Email8B,Email8B Link_Number 25,11/21/2019
https://usm.maine.edu/apply,70,13.06%,83,12.52%,1.64%,Email8BB,Email8BB Link_Number 1,11/21/2019
https://usm.maine.edu/office-of-admissions/video-ashley-howe,65,12.13%,65,9.80%,1.53%,Email8BB,Email8BB Link_Number 2,11/21/2019
https://usm.maine.edu/meet-our-faculty,60,11.19%,70,10.56%,1.41%,Email8BB,Email8BB Link_Number 3,11/21/2019
http://usm.maine.edu,60,11.19%,69,10.41%,1.41%,Email8BB,Email8BB Link_Number 4,11/21/2019
https://usm.maine.edu/advising,59,11.01%,69,10.41%,1.39%,Email8BB,Email8BB Link_Number 5,11/21/2019
https://usm.maine.edu/student-financial-services/fafsa-process-and-deadline,59,11.01%,59,8.90%,1.39%,Email8BB,Email8BB Link_Number 6,11/21/2019
https://usm.maine.edu/visit#virtualtour,40,7.46%,42,6.34%,0.94%,Email8BB,Email8BB Link_Number 7,11/21/2019
http://twitter.com/USouthernMaine,38,7.09%,77,11.61%,0.89%,Email8BB,Email8BB Link_Number 8,11/21/2019
http://instagram.com/USouthernMaine,37,6.90%,68,10.26%,0.87%,Email8BB,Email8BB Link_Number 9,11/21/2019
http://facebook.com/USouthernMaine,36,6.72%,36,5.43%,0.85%,Email8BB,Email8BB Link_Number 10,11/21/2019
Unsubscribe,7,1.31%,19,2.87%,0.16%,Email8BB,Email8BB Link_Number 11,11/21/2019
http://click.e-usm.maine.edu/profile_center.aspx?s=%%ex2;subscriberid%%&mid=%%ex2;MemberID%%&j=fecc13727664017f&l=%%ex2;listid%%&jb=%%ex2;_JobSubscriberBatchID%%&ju=%%ex2;joburlid%%,1,0.19%,2,0.30%,0.02%,Email8BB,Email8BB Link_Number 12,11/21/2019
http://linkedin.com/edu/school?id=18589,1,0.19%,1,0.15%,0.02%,Email8BB,Email8BB Link_Number 13,11/21/2019
http://usm.maine.edu/high-school-students,1,0.19%,1,0.15%,0.02%,Email8BB,Email8BB Link_Number 14,11/21/2019
http://view.e-usm.maine.edu/?j=fecc13727664017f&m=%%ex2;MemberID%%&ls=%%ex2;listsubid%%&l=%%ex2;listid%%&s=%%ex2;SubscriberID%%&jb=%%ex2;_JobSubscriberBatchID%%&ju=%%ex2;joburlid%%,1,0.19%,1,0.15%,0.02%,Email8BB,Email8BB Link_Number 15,11/21/2019
http://youtube.com/user/USouthernMaine,1,0.19%,1,0.15%,0.02%,Email8BB,Email8BB Link_Number 16,11/21/2019
http://click.e-usm.maine.edu/unsub_center.aspx?s=%%ex2;subscriberid%%&j=fecc13727664017f&mid=%%ex2;MemberID%%&lid=%%ex2;listid%%&jb=%%ex2;_JobSubscriberBatchID%%&ju=%%ex2;joburlid%%,0,0.00%,0,0.00%,0.00%,Email8BB,Email8BB Link_Number 17,11/21/2019
http://view.e-usm.maine.edu/ftaf.aspx?j=fecc13727664017f&m=%%ex2;MemberID%%&ls=%%ex2;listsubid%%&jb=%%ex2;_JobSubscriberBatchID%%,0,0.00%,0,0.00%,0.00%,Email8BB,Email8BB Link_Number 18,11/21/2019
https://facebook.com/usouthernmaine,0,0.00%,0,0.00%,0.00%,Email8BB,Email8BB Link_Number 19,11/21/2019
https://instagram.com/usouthernmaine,0,0.00%,0,0.00%,0.00%,Email8BB,Email8BB Link_Number 20,11/21/2019
https://twitter.com/usouthernmaine,0,0.00%,0,0.00%,0.00%,Email8BB,Email8BB Link_Number 21,11/21/2019
https://www.linkedin.com/school/university-of-southern-maine,0,0.00%,0,0.00%,0.00%,Email8BB,Email8BB Link_Number 22,11/21/2019
https://youtube.com/user/usouthernmaine,0,0.00%,0,0.00%,0.00%,Email8BB,Email8BB Link_Number 23,11/21/2019
Totals,536,,663,,,Email8BB,Email8BB Link_Number 24,11/21/2019
,NA,,NA,,,Email8BB,Email8BB Link_Number 25,11/21/2019
https://usm.maine.edu/student-financial-services/fafsa-process-and-deadline,138,14.44%,143,12.68%,1.69%,Email9,Email9 Link_Number 1,12/04/2019
https://usm.maine.edu/scholarships,123,12.87%,123,10.90%,1.51%,Email9,Email9 Link_Number 2,12/04/2019
https://usm.maine.edu/apply,121,12.66%,131,11.61%,1.48%,Email9,Email9 Link_Number 3,12/04/2019
http://usm.maine.edu,121,12.66%,128,11.35%,1.48%,Email9,Email9 Link_Number 4,12/04/2019
https://usm.maine.edu/office-of-admissions/video-financial-aid-and-affordability,117,12.24%,117,10.37%,1.43%,Email9,Email9 Link_Number 5,12/04/2019
http://twitter.com/USouthernMaine,63,6.59%,125,11.08%,0.77%,Email9,Email9 Link_Number 6,12/04/2019
http://instagram.com/USouthernMaine,63,6.59%,118,10.46%,0.77%,Email9,Email9 Link_Number 7,12/04/2019
http://facebook.com/USouthernMaine,63,6.59%,63,5.59%,0.77%,Email9,Email9 Link_Number 8,12/04/2019
http://www.linkedin.com/school/university-of-southern-maine,61,6.38%,61,5.41%,0.75%,Email9,Email9 Link_Number 9,12/04/2019
http://youtube.com/user/USouthernMaine,61,6.38%,61,5.41%,0.75%,Email9,Email9 Link_Number 10,12/04/2019
Unsubscribe,17,1.78%,49,4.34%,0.21%,Email9,Email9 Link_Number 11,12/04/2019
http://view.e-usm.maine.edu/?j=febb13737c67037a&m=%%ex2;MemberID%%&ls=%%ex2;listsubid%%&l=%%ex2;listid%%&s=%%ex2;SubscriberID%%&jb=%%ex2;_JobSubscriberBatchID%%&ju=%%ex2;joburlid%%,3,0.31%,4,0.36%,0.04%,Email9,Email9 Link_Number 12,12/04/2019
http://click.e-usm.maine.edu/profile_center.aspx?s=%%ex2;subscriberid%%&mid=%%ex2;MemberID%%&j=febb13737c67037a&l=%%ex2;listid%%&jb=%%ex2;_JobSubscriberBatchID%%&ju=%%ex2;joburlid%%,3,0.31%,3,0.27%,0.04%,Email9,Email9 Link_Number 13,12/04/2019
http://usm.maine.edu/high-school-students,2,0.21%,2,0.18%,0.02%,Email9,Email9 Link_Number 14,12/04/2019
http://click.e-usm.maine.edu/unsub_center.aspx?s=%%ex2;subscriberid%%&j=febb13737c67037a&mid=%%ex2;MemberID%%&lid=%%ex2;listid%%&jb=%%ex2;_JobSubscriberBatchID%%&ju=%%ex2;joburlid%%,0,0.00%,0,0.00%,0.00%,Email9,Email9 Link_Number 15,12/04/2019
http://view.e-usm.maine.edu/ftaf.aspx?j=febb13737c67037a&m=%%ex2;MemberID%%&ls=%%ex2;listsubid%%&jb=%%ex2;_JobSubscriberBatchID%%,0,0.00%,0,0.00%,0.00%,Email9,Email9 Link_Number 16,12/04/2019
https://facebook.com/usouthernmaine,0,0.00%,0,0.00%,0.00%,Email9,Email9 Link_Number 17,12/04/2019
https://instagram.com/usouthernmaine,0,0.00%,0,0.00%,0.00%,Email9,Email9 Link_Number 18,12/04/2019
https://twitter.com/usouthernmaine,0,0.00%,0,0.00%,0.00%,Email9,Email9 Link_Number 19,12/04/2019
https://www.linkedin.com/school/university-of-southern-maine,0,0.00%,0,0.00%,0.00%,Email9,Email9 Link_Number 20,12/04/2019
https://youtube.com/user/usouthernmaine,0,0.00%,0,0.00%,0.00%,Email9,Email9 Link_Number 21,12/04/2019
Totals,956,,1128,,,Email9,Email9 Link_Number 22,12/04/2019
,NA,,NA,,,Email9,Email9 Link_Number 23,12/04/2019
https://usm.maine.edu/apply,133,15.87%,146,15.32%,1.71%,Email10,Email10 Link_Number 1,12/17/2019
https://usm.maine.edu/career-and-employment-hub/major-2-career,111,13.25%,112,11.75%,1.43%,Email10,Email10 Link_Number 2,12/17/2019
https://usm.maine.edu/office-of-admissions/video-job-preparation,109,13.01%,109,11.44%,1.40%,Email10,Email10 Link_Number 3,12/17/2019
https://usm.maine.edu/student-financial-services/fafsa-process-and-deadline,109,13.01%,109,11.44%,1.40%,Email10,Email10 Link_Number 4,12/17/2019
http://usm.maine.edu,108,12.89%,117,12.28%,1.39%,Email10,Email10 Link_Number 5,12/17/2019
https://usm.maine.edu/career-and-employment-hub/overview,105,12.53%,105,11.02%,1.35%,Email10,Email10 Link_Number 6,12/17/2019
https://twitter.com/USouthernMaine,39,4.65%,73,7.66%,0.50%,Email10,Email10 Link_Number 7,12/17/2019
https://usm.maine.edu/visit#virtualtour,38,4.54%,39,4.09%,0.49%,Email10,Email10 Link_Number 8,12/17/2019
https://www.facebook.com/USouthernMaine,37,4.42%,37,3.88%,0.48%,Email10,Email10 Link_Number 9,12/17/2019
https://www.instagram.com/USouthernMaine,35,4.18%,70,7.35%,0.45%,Email10,Email10 Link_Number 10,12/17/2019
Unsubscribe,12,1.43%,34,3.57%,0.15%,Email10,Email10 Link_Number 11,12/17/2019
http://click.e-usm.maine.edu/profile_center.aspx?s=%%ex2;subscriberid%%&mid=%%ex2;MemberID%%&j=febb1375726c0c7c&l=%%ex2;listid%%&jb=%%ex2;_JobSubscriberBatchID%%&ju=%%ex2;joburlid%%,1,0.12%,1,0.11%,0.01%,Email10,Email10 Link_Number 12,12/17/2019
http://view.e-usm.maine.edu/?j=febb1375726c0c7c&m=%%ex2;MemberID%%&ls=%%ex2;listsubid%%&l=%%ex2;listid%%&s=%%ex2;SubscriberID%%&jb=%%ex2;_JobSubscriberBatchID%%&ju=%%ex2;joburlid%%,1,0.12%,1,0.11%,0.01%,Email10,Email10 Link_Number 13,12/17/2019
http://click.e-usm.maine.edu/unsub_center.aspx?s=%%ex2;subscriberid%%&j=febb1375726c0c7c&mid=%%ex2;MemberID%%&lid=%%ex2;listid%%&jb=%%ex2;_JobSubscriberBatchID%%&ju=%%ex2;joburlid%%,0,0.00%,0,0.00%,0.00%,Email10,Email10 Link_Number 14,12/17/2019
http://usm.maine.edu/high-school-students,0,0.00%,0,0.00%,0.00%,Email10,Email10 Link_Number 15,12/17/2019
http://view.e-usm.maine.edu/ftaf.aspx?j=febb1375726c0c7c&m=%%ex2;MemberID%%&ls=%%ex2;listsubid%%&jb=%%ex2;_JobSubscriberBatchID%%,0,0.00%,0,0.00%,0.00%,Email10,Email10 Link_Number 16,12/17/2019
https://facebook.com/usouthernmaine,0,0.00%,0,0.00%,0.00%,Email10,Email10 Link_Number 17,12/17/2019
https://instagram.com/usouthernmaine,0,0.00%,0,0.00%,0.00%,Email10,Email10 Link_Number 18,12/17/2019
https://twitter.com/usouthernmaine,0,0.00%,0,0.00%,0.00%,Email10,Email10 Link_Number 19,12/17/2019
https://usm.maine.edu/high-school-students,0,0.00%,0,0.00%,0.00%,Email10,Email10 Link_Number 20,12/17/2019
https://www.linkedin.com/school/university-of-southern-maine,0,0.00%,0,0.00%,0.00%,Email10,Email10 Link_Number 21,12/17/2019
https://www.youtube.com/user/USouthernMaine,0,0.00%,0,0.00%,0.00%,Email10,Email10 Link_Number 22,12/17/2019
https://youtube.com/user/usouthernmaine,0,0.00%,0,0.00%,0.00%,Email10,Email10 Link_Number 23,12/17/2019
Totals,838,,953,,,Email10,Email10 Link_Number 24,12/17/2019
,NA,,NA,,,Email10,Email10 Link_Number 25,12/17/2019
https://usm.maine.edu/apply,113,15.42%,130,15.17%,1.49%,Email11,Email11 Link_Number 1,01/08/2020
https://usm.maine.edu/office-of-admissions/video-environmental-sciences,98,13.37%,99,11.55%,1.29%,Email11,Email11 Link_Number 2,01/08/2020
https://usm.maine.edu/career-and-employment-hub,96,13.10%,110,12.84%,1.27%,Email11,Email11 Link_Number 3,01/08/2020
http://usm.maine.edu,96,13.10%,103,12.02%,1.27%,Email11,Email11 Link_Number 4,01/08/2020
https://usm.maine.edu/career-and-employment-hub/overview,96,13.10%,97,11.32%,1.27%,Email11,Email11 Link_Number 5,01/08/2020
https://usm.maine.edu/student-financial-services/fafsa-process-and-deadline,96,13.10%,97,11.32%,1.27%,Email11,Email11 Link_Number 6,01/08/2020
https://usm.maine.edu/visit#virtualtour,27,3.68%,31,3.62%,0.36%,Email11,Email11 Link_Number 7,01/08/2020
https://www.instagram.com/USouthernMaine,24,3.27%,49,5.72%,0.32%,Email11,Email11 Link_Number 8,01/08/2020
https://twitter.com/USouthernMaine,24,3.27%,47,5.48%,0.32%,Email11,Email11 Link_Number 9,01/08/2020
https://www.youtube.com/user/USouthernMaine,24,3.27%,26,3.03%,0.32%,Email11,Email11 Link_Number 10,01/08/2020
https://www.facebook.com/USouthernMaine,24,3.27%,25,2.92%,0.32%,Email11,Email11 Link_Number 11,01/08/2020
Unsubscribe,15,2.05%,43,5.02%,0.20%,Email11,Email11 Link_Number 12,01/08/2020
http://click.e-usm.maine.edu/profile_center.aspx?s=%%ex2;subscriberid%%&mid=%%ex2;MemberID%%&j=feba13787d620079&l=%%ex2;listid%%&jb=%%ex2;_JobSubscriberBatchID%%&ju=%%ex2;joburlid%%,0,0.00%,0,0.00%,0.00%,Email11,Email11 Link_Number 13,01/08/2020
http://click.e-usm.maine.edu/unsub_center.aspx?s=%%ex2;subscriberid%%&j=feba13787d620079&mid=%%ex2;MemberID%%&lid=%%ex2;listid%%&jb=%%ex2;_JobSubscriberBatchID%%&ju=%%ex2;joburlid%%,0,0.00%,0,0.00%,0.00%,Email11,Email11 Link_Number 14,01/08/2020
http://usm.maine.edu/high-school-students,0,0.00%,0,0.00%,0.00%,Email11,Email11 Link_Number 15,01/08/2020
http://view.e-usm.maine.edu/?j=feba13787d620079&m=%%ex2;MemberID%%&ls=%%ex2;listsubid%%&l=%%ex2;listid%%&s=%%ex2;SubscriberID%%&jb=%%ex2;_JobSubscriberBatchID%%&ju=%%ex2;joburlid%%,0,0.00%,0,0.00%,0.00%,Email11,Email11 Link_Number 16,01/08/2020
http://view.e-usm.maine.edu/ftaf.aspx?j=feba13787d620079&m=%%ex2;MemberID%%&ls=%%ex2;listsubid%%&jb=%%ex2;_JobSubscriberBatchID%%,0,0.00%,0,0.00%,0.00%,Email11,Email11 Link_Number 17,01/08/2020
https://facebook.com/usouthernmaine,0,0.00%,0,0.00%,0.00%,Email11,Email11 Link_Number 18,01/08/2020
https://instagram.com/usouthernmaine,0,0.00%,0,0.00%,0.00%,Email11,Email11 Link_Number 19,01/08/2020
https://twitter.com/usouthernmaine,0,0.00%,0,0.00%,0.00%,Email11,Email11 Link_Number 20,01/08/2020
https://usm.maine.edu/high-school-students,0,0.00%,0,0.00%,0.00%,Email11,Email11 Link_Number 21,01/08/2020
https://www.linkedin.com/school/university-of-southern-maine,0,0.00%,0,0.00%,0.00%,Email11,Email11 Link_Number 22,01/08/2020
https://youtube.com/user/usouthernmaine,0,0.00%,0,0.00%,0.00%,Email11,Email11 Link_Number 23,01/08/2020
Totals,733,,857,,,Email11,Email11 Link_Number 24,01/08/2020
,NA,,NA,,,Email11,Email11 Link_Number 25,01/08/2020
https://usm.maine.edu/apply,28,35.44%,34,25.19%,0.38%,Email12,Email12 Link_Number 1,01/28/2020
Unsubscribe,19,24.05%,51,37.78%,0.26%,Email12,Email12 Link_Number 2,01/28/2020
http://usm.maine.edu,5,6.33%,9,6.67%,0.07%,Email12,Email12 Link_Number 3,01/28/2020
https://usm.maine.edu/events/public,4,5.06%,9,6.67%,0.05%,Email12,Email12 Link_Number 4,01/28/2020
https://usm.maine.edu/scholarships/merit-scholarships,4,5.06%,7,5.19%,0.05%,Email12,Email12 Link_Number 5,01/28/2020
https://usm.maine.edu/activities/usm,4,5.06%,6,4.44%,0.05%,Email12,Email12 Link_Number 6,01/28/2020
https://usm.maine.edu/campuses,4,5.06%,6,4.44%,0.05%,Email12,Email12 Link_Number 7,01/28/2020
https://usm.maine.edu/visit#virtualtour,3,3.80%,3,2.22%,0.04%,Email12,Email12 Link_Number 8,01/28/2020
http://click.e-usm.maine.edu/profile_center.aspx?s=%%ex2;subscriberid%%&mid=%%ex2;MemberID%%&j=fec21c717d660675&l=%%ex2;listid%%&jb=%%ex2;_JobSubscriberBatchID%%&ju=%%ex2;joburlid%%,2,2.53%,3,2.22%,0.03%,Email12,Email12 Link_Number 9,01/28/2020
https://www.instagram.com/USouthernMaine,2,2.53%,2,1.48%,0.03%,Email12,Email12 Link_Number 10,01/28/2020
https://twitter.com/USouthernMaine,1,1.27%,2,1.48%,0.01%,Email12,Email12 Link_Number 11,01/28/2020
http://view.e-usm.maine.edu/?j=fec21c717d660675&m=%%ex2;MemberID%%&ls=%%ex2;listsubid%%&l=%%ex2;listid%%&s=%%ex2;SubscriberID%%&jb=%%ex2;_JobSubscriberBatchID%%&ju=%%ex2;joburlid%%,1,1.27%,1,0.74%,0.01%,Email12,Email12 Link_Number 12,01/28/2020
https://www.facebook.com/USouthernMaine,1,1.27%,1,0.74%,0.01%,Email12,Email12 Link_Number 13,01/28/2020
https://www.linkedin.com/school/university-of-southern-maine,1,1.27%,1,0.74%,0.01%,Email12,Email12 Link_Number 14,01/28/2020
http://click.e-usm.maine.edu/unsub_center.aspx?s=%%ex2;subscriberid%%&j=fec21c717d660675&mid=%%ex2;MemberID%%&lid=%%ex2;listid%%&jb=%%ex2;_JobSubscriberBatchID%%&ju=%%ex2;joburlid%%,0,0.00%,0,0.00%,0.00%,Email12,Email12 Link_Number 15,01/28/2020
http://view.e-usm.maine.edu/ftaf.aspx?j=fec21c717d660675&m=%%ex2;MemberID%%&ls=%%ex2;listsubid%%&jb=%%ex2;_JobSubscriberBatchID%%,0,0.00%,0,0.00%,0.00%,Email12,Email12 Link_Number 16,01/28/2020
https://facebook.com/usouthernmaine,0,0.00%,0,0.00%,0.00%,Email12,Email12 Link_Number 17,01/28/2020
https://instagram.com/usouthernmaine,0,0.00%,0,0.00%,0.00%,Email12,Email12 Link_Number 18,01/28/2020
https://twitter.com/usouthernmaine,0,0.00%,0,0.00%,0.00%,Email12,Email12 Link_Number 19,01/28/2020
https://usm.maine.edu/high-school-students,0,0.00%,0,0.00%,0.00%,Email12,Email12 Link_Number 20,01/28/2020
https://www.youtube.com/user/USouthernMaine,0,0.00%,0,0.00%,0.00%,Email12,Email12 Link_Number 21,01/28/2020
https://youtube.com/user/usouthernmaine,0,0.00%,0,0.00%,0.00%,Email12,Email12 Link_Number 22,01/28/2020
Totals,79,,135,,,Email12,Email12 Link_Number 23,01/28/2020
,NA,,NA,,,Email12,Email12 Link_Number 24,01/28/2020
https://usm.maine.edu/apply,28,40.00%,38,35.51%,0.38%,Email13,Email13 Link_Number 1,02/04/2020
Unsubscribe,14,20.00%,36,33.65%,0.19%,Email13,Email13 Link_Number 2,02/04/2020
https://usm.maine.edu/residential-life/living-learning-communities,7,10.00%,9,8.41%,0.09%,Email13,Email13 Link_Number 3,02/04/2020
https://usm.maine.edu/scholarships/merit-scholarships,5,7.14%,6,5.61%,0.07%,Email13,Email13 Link_Number 4,02/04/2020
https://usm.maine.edu/visit#virtualtour,4,5.71%,4,3.74%,0.05%,Email13,Email13 Link_Number 5,02/04/2020
https://usm.maine.edu/residential-life/overview,3,4.29%,3,2.80%,0.04%,Email13,Email13 Link_Number 6,02/04/2020
http://view.e-usm.maine.edu/?j=fec01c727d6d057e&m=%%ex2;MemberID%%&ls=%%ex2;listsubid%%&l=%%ex2;listid%%&s=%%ex2;SubscriberID%%&jb=%%ex2;_JobSubscriberBatchID%%&ju=%%ex2;joburlid%%,2,2.86%,2,1.87%,0.03%,Email13,Email13 Link_Number 7,02/04/2020
https://twitter.com/USouthernMaine,1,1.43%,2,1.87%,0.01%,Email13,Email13 Link_Number 8,02/04/2020
https://www.instagram.com/USouthernMaine,1,1.43%,2,1.87%,0.01%,Email13,Email13 Link_Number 9,02/04/2020
http://click.e-usm.maine.edu/profile_center.aspx?s=%%ex2;subscriberid%%&mid=%%ex2;MemberID%%&j=fec01c727d6d057e&l=%%ex2;listid%%&jb=%%ex2;_JobSubscriberBatchID%%&ju=%%ex2;joburlid%%,1,1.43%,1,0.94%,0.01%,Email13,Email13 Link_Number 10,02/04/2020
http://usm.maine.edu,1,1.43%,1,0.94%,0.01%,Email13,Email13 Link_Number 11,02/04/2020
http://usm.maine.edu/high-school-students,1,1.43%,1,0.94%,0.01%,Email13,Email13 Link_Number 12,02/04/2020
https://usm.maine.edu/maps-parking-transportation/bus,1,1.43%,1,0.94%,0.01%,Email13,Email13 Link_Number 13,02/04/2020
https://www.linkedin.com/school/university-of-southern-maine,1,1.43%,1,0.94%,0.01%,Email13,Email13 Link_Number 14,02/04/2020
http://click.e-usm.maine.edu/unsub_center.aspx?s=%%ex2;subscriberid%%&j=fec01c727d6d057e&mid=%%ex2;MemberID%%&lid=%%ex2;listid%%&jb=%%ex2;_JobSubscriberBatchID%%&ju=%%ex2;joburlid%%,0,0.00%,0,0.00%,0.00%,Email13,Email13 Link_Number 15,02/04/2020
http://view.e-usm.maine.edu/ftaf.aspx?j=fec01c727d6d057e&m=%%ex2;MemberID%%&ls=%%ex2;listsubid%%&jb=%%ex2;_JobSubscriberBatchID%%,0,0.00%,0,0.00%,0.00%,Email13,Email13 Link_Number 16,02/04/2020
https://facebook.com/usouthernmaine,0,0.00%,0,0.00%,0.00%,Email13,Email13 Link_Number 17,02/04/2020
https://instagram.com/usouthernmaine,0,0.00%,0,0.00%,0.00%,Email13,Email13 Link_Number 18,02/04/2020
https://twitter.com/usouthernmaine,0,0.00%,0,0.00%,0.00%,Email13,Email13 Link_Number 19,02/04/2020
https://usm.maine.edu/high-school-students,0,0.00%,0,0.00%,0.00%,Email13,Email13 Link_Number 20,02/04/2020
https://www.facebook.com/USouthernMaine,0,0.00%,0,0.00%,0.00%,Email13,Email13 Link_Number 21,02/04/2020
https://www.youtube.com/user/USouthernMaine,0,0.00%,0,0.00%,0.00%,Email13,Email13 Link_Number 22,02/04/2020
https://youtube.com/user/usouthernmaine,0,0.00%,0,0.00%,0.00%,Email13,Email13 Link_Number 23,02/04/2020
Totals,70,,107,,,Email13,Email13 Link_Number 24,02/04/2020
,NA,,NA,,,Email13,Email13 Link_Number 25,02/04/2020
https://usm.maine.edu/apply,36,45.00%,40,33.06%,0.49%,Email14,Email14 Link_Number 1,03/15/2020
Unsubscribe,17,21.25%,48,39.67%,0.23%,Email14,Email14 Link_Number 2,03/15/2020
https://usm.maine.edu/scholarships,5,6.25%,7,5.79%,0.07%,Email14,Email14 Link_Number 3,03/15/2020
https://usm.maine.edu/office-of-admissions/video-financial-aid-and-affordability,4,5.00%,4,3.31%,0.05%,Email14,Email14 Link_Number 4,03/15/2020
https://usm.maine.edu/costs-financial-aid,3,3.75%,3,2.48%,0.04%,Email14,Email14 Link_Number 5,03/15/2020
http://usm.maine.edu,2,2.50%,4,3.31%,0.03%,Email14,Email14 Link_Number 6,03/15/2020
https://usm.maine.edu/visit#virtualtour,2,2.50%,4,3.31%,0.03%,Email14,Email14 Link_Number 7,03/15/2020
http://facebook.com/USouthernMaine,2,2.50%,2,1.65%,0.03%,Email14,Email14 Link_Number 8,03/15/2020
https://usm.maine.edu/scholarships/merit-scholarships,2,2.50%,2,1.65%,0.03%,Email14,Email14 Link_Number 9,03/15/2020
https://usm.maine.edu/student-financial-services/federal-work-study-program,2,2.50%,2,1.65%,0.03%,Email14,Email14 Link_Number 10,03/15/2020
http://instagram.com/USouthernMaine,1,1.25%,1,0.83%,0.01%,Email14,Email14 Link_Number 11,03/15/2020
http://linkedin.com/edu/school?id=18589,1,1.25%,1,0.83%,0.01%,Email14,Email14 Link_Number 12,03/15/2020
http://twitter.com/USouthernMaine,1,1.25%,1,0.83%,0.01%,Email14,Email14 Link_Number 13,03/15/2020
http://view.e-usm.maine.edu/?j=fec21c777060067e&m=%%ex2;MemberID%%&ls=%%ex2;listsubid%%&l=%%ex2;listid%%&s=%%ex2;SubscriberID%%&jb=%%ex2;_JobSubscriberBatchID%%&ju=%%ex2;joburlid%%,1,1.25%,1,0.83%,0.01%,Email14,Email14 Link_Number 14,03/15/2020
http://youtube.com/user/USouthernMaine,1,1.25%,1,0.83%,0.01%,Email14,Email14 Link_Number 15,03/15/2020
http://click.e-usm.maine.edu/profile_center.aspx?s=%%ex2;subscriberid%%&mid=%%ex2;MemberID%%&j=fec21c777060067e&l=%%ex2;listid%%&jb=%%ex2;_JobSubscriberBatchID%%&ju=%%ex2;joburlid%%,0,0.00%,0,0.00%,0.00%,Email14,Email14 Link_Number 16,03/15/2020
http://click.e-usm.maine.edu/unsub_center.aspx?s=%%ex2;subscriberid%%&j=fec21c777060067e&mid=%%ex2;MemberID%%&lid=%%ex2;listid%%&jb=%%ex2;_JobSubscriberBatchID%%&ju=%%ex2;joburlid%%,0,0.00%,0,0.00%,0.00%,Email14,Email14 Link_Number 17,03/15/2020
http://usm.maine.edu/high-school-students,0,0.00%,0,0.00%,0.00%,Email14,Email14 Link_Number 18,03/15/2020
http://view.e-usm.maine.edu/ftaf.aspx?j=fec21c777060067e&m=%%ex2;MemberID%%&ls=%%ex2;listsubid%%&jb=%%ex2;_JobSubscriberBatchID%%,0,0.00%,0,0.00%,0.00%,Email14,Email14 Link_Number 19,03/15/2020
https://facebook.com/usouthernmaine,0,0.00%,0,0.00%,0.00%,Email14,Email14 Link_Number 20,03/15/2020
https://instagram.com/usouthernmaine,0,0.00%,0,0.00%,0.00%,Email14,Email14 Link_Number 21,03/15/2020
https://twitter.com/usouthernmaine,0,0.00%,0,0.00%,0.00%,Email14,Email14 Link_Number 22,03/15/2020
https://usm.maine.edu/high-school-students,0,0.00%,0,0.00%,0.00%,Email14,Email14 Link_Number 23,03/15/2020
https://usm.maine.edu/office-of-admissions/video-promise-scholarship,0,0.00%,0,0.00%,0.00%,Email14,Email14 Link_Number 24,03/15/2020
https://www.linkedin.com/school/university-of-southern-maine,0,0.00%,0,0.00%,0.00%,Email14,Email14 Link_Number 25,03/15/2020
https://youtube.com/user/usouthernmaine,0,0.00%,0,0.00%,0.00%,Email14,Email14 Link_Number 26,03/15/2020
Totals,80,,121,,,Email14,Email14 Link_Number 27,03/15/2020
,NA,,NA,,,Email14,Email14 Link_Number 28,03/15/2020
https://usm.maine.edu/apply,21,44.68%,22,32.84%,0.29%,Email15,Email15 Link_Number 1,03/18/2020
Unsubscribe,8,17.02%,25,37.31%,0.11%,Email15,Email15 Link_Number 2,03/18/2020
https://usm.maine.edu/visit#virtualtour,4,8.51%,6,8.96%,0.06%,Email15,Email15 Link_Number 3,03/18/2020
https://usm.maine.edu/scholarships/merit-scholarships,3,6.38%,3,4.48%,0.04%,Email15,Email15 Link_Number 4,03/18/2020
https://usm.maine.edu/maps-parking-transportation/bus,2,4.26%,2,2.99%,0.03%,Email15,Email15 Link_Number 5,03/18/2020
http://facebook.com/USouthernMaine,1,2.13%,1,1.49%,0.01%,Email15,Email15 Link_Number 6,03/18/2020
http://instagram.com/USouthernMaine,1,2.13%,1,1.49%,0.01%,Email15,Email15 Link_Number 7,03/18/2020
http://linkedin.com/edu/school?id=18589,1,2.13%,1,1.49%,0.01%,Email15,Email15 Link_Number 8,03/18/2020
http://usm.maine.edu,1,2.13%,1,1.49%,0.01%,Email15,Email15 Link_Number 9,03/18/2020
http://usm.maine.edu/high-school-students,1,2.13%,1,1.49%,0.01%,Email15,Email15 Link_Number 10,03/18/2020
http://view.e-usm.maine.edu/?j=fec11d70766d0078&m=%%ex2;MemberID%%&ls=%%ex2;listsubid%%&l=%%ex2;listid%%&s=%%ex2;SubscriberID%%&jb=%%ex2;_JobSubscriberBatchID%%&ju=%%ex2;joburlid%%,1,2.13%,1,1.49%,0.01%,Email15,Email15 Link_Number 11,03/18/2020
http://youtube.com/user/USouthernMaine,1,2.13%,1,1.49%,0.01%,Email15,Email15 Link_Number 12,03/18/2020
https://usm.maine.edu/student-financial-services/types-aid,1,2.13%,1,1.49%,0.01%,Email15,Email15 Link_Number 13,03/18/2020
https://usm.maine.edu/sustainability/overview,1,2.13%,1,1.49%,0.01%,Email15,Email15 Link_Number 14,03/18/2020
http://click.e-usm.maine.edu/profile_center.aspx?s=%%ex2;subscriberid%%&mid=%%ex2;MemberID%%&j=fec11d70766d0078&l=%%ex2;listid%%&jb=%%ex2;_JobSubscriberBatchID%%&ju=%%ex2;joburlid%%,0,0.00%,0,0.00%,0.00%,Email15,Email15 Link_Number 15,03/18/2020
http://click.e-usm.maine.edu/unsub_center.aspx?s=%%ex2;subscriberid%%&j=fec11d70766d0078&mid=%%ex2;MemberID%%&lid=%%ex2;listid%%&jb=%%ex2;_JobSubscriberBatchID%%&ju=%%ex2;joburlid%%,0,0.00%,0,0.00%,0.00%,Email15,Email15 Link_Number 16,03/18/2020
http://twitter.com/USouthernMaine,0,0.00%,0,0.00%,0.00%,Email15,Email15 Link_Number 17,03/18/2020
http://view.e-usm.maine.edu/ftaf.aspx?j=fec11d70766d0078&m=%%ex2;MemberID%%&ls=%%ex2;listsubid%%&jb=%%ex2;_JobSubscriberBatchID%%,0,0.00%,0,0.00%,0.00%,Email15,Email15 Link_Number 18,03/18/2020
https://facebook.com/usouthernmaine,0,0.00%,0,0.00%,0.00%,Email15,Email15 Link_Number 19,03/18/2020
https://instagram.com/usouthernmaine,0,0.00%,0,0.00%,0.00%,Email15,Email15 Link_Number 20,03/18/2020
https://twitter.com/usouthernmaine,0,0.00%,0,0.00%,0.00%,Email15,Email15 Link_Number 21,03/18/2020
https://usm.maine.edu/high-school-students,0,0.00%,0,0.00%,0.00%,Email15,Email15 Link_Number 22,03/18/2020
https://www.linkedin.com/school/university-of-southern-maine,0,0.00%,0,0.00%,0.00%,Email15,Email15 Link_Number 23,03/18/2020
https://youtube.com/user/usouthernmaine,0,0.00%,0,0.00%,0.00%,Email15,Email15 Link_Number 24,03/18/2020
Totals,47,,67,,,Email15,Email15 Link_Number 25,03/18/2020
,NA,,NA,,,Email15,Email15 Link_Number 26,03/18/2020
https://usm.maine.edu/visit#virtualtour,108,15.08%,123,14.03%,1.89%,Email1,Email1 Link_Number 1,07/23/2019
https://usm.maine.edu/visit,88,12.29%,101,11.52%,1.54%,Email1,Email1 Link_Number 2,07/23/2019
https://usm.maine.edu/scholarships,76,10.62%,77,8.78%,1.33%,Email1,Email1 Link_Number 3,07/23/2019
https://usm.maine.edu/publicaffairs/mapping-where-usm-works-me,75,10.48%,78,8.89%,1.31%,Email1,Email1 Link_Number 4,07/23/2019
http://usm.maine.edu,73,10.20%,81,9.24%,1.27%,Email1,Email1 Link_Number 5,07/23/2019
http://facebook.com/USouthernMaine,58,8.10%,58,6.61%,1.01%,Email1,Email1 Link_Number 6,07/23/2019
http://twitter.com/USouthernMaine,57,7.96%,111,12.66%,0.99%,Email1,Email1 Link_Number 7,07/23/2019
http://instagram.com/USouthernMaine,57,7.96%,106,12.09%,0.99%,Email1,Email1 Link_Number 8,07/23/2019
http://youtube.com/user/USouthernMaine,56,7.82%,57,6.50%,0.98%,Email1,Email1 Link_Number 9,07/23/2019
http://linkedin.com/edu/school?id=18589,56,7.82%,56,6.39%,0.98%,Email1,Email1 Link_Number 10,07/23/2019
Unsubscribe,7,0.98%,19,2.17%,0.12%,Email1,Email1 Link_Number 11,07/23/2019
http://view.e-usm.maine.edu/?j=febb11757d610175&m=%%ex2;MemberID%%&ls=%%ex2;listsubid%%&l=%%ex2;listid%%&s=%%ex2;SubscriberID%%&jb=%%ex2;_JobSubscriberBatchID%%&ju=%%ex2;joburlid%%,2,0.28%,6,0.68%,0.03%,Email1,Email1 Link_Number 12,07/23/2019
http://click.e-usm.maine.edu/profile_center.aspx?s=%%ex2;subscriberid%%&mid=%%ex2;MemberID%%&j=febb11757d610175&l=%%ex2;listid%%&jb=%%ex2;_JobSubscriberBatchID%%&ju=%%ex2;joburlid%%,2,0.28%,3,0.34%,0.03%,Email1,Email1 Link_Number 13,07/23/2019
http://usm.maine.edu/high-school-students,1,0.14%,1,0.11%,0.02%,Email1,Email1 Link_Number 14,07/23/2019
http://click.e-usm.maine.edu/unsub_center.aspx?s=%%ex2;subscriberid%%&j=febb11757d610175&mid=%%ex2;MemberID%%&lid=%%ex2;listid%%&jb=%%ex2;_JobSubscriberBatchID%%&ju=%%ex2;joburlid%%,0,0.00%,0,0.00%,0.00%,Email1,Email1 Link_Number 15,07/23/2019
http://view.e-usm.maine.edu/ftaf.aspx?j=febb11757d610175&m=%%ex2;MemberID%%&ls=%%ex2;listsubid%%&jb=%%ex2;_JobSubscriberBatchID%%,0,0.00%,0,0.00%,0.00%,Email1,Email1 Link_Number 16,07/23/2019
https://facebook.com/usouthernmaine,0,0.00%,0,0.00%,0.00%,Email1,Email1 Link_Number 17,07/23/2019
https://instagram.com/usouthernmaine,0,0.00%,0,0.00%,0.00%,Email1,Email1 Link_Number 18,07/23/2019
https://twitter.com/usouthernmaine,0,0.00%,0,0.00%,0.00%,Email1,Email1 Link_Number 19,07/23/2019
https://www.linkedin.com/school/university-of-southern-maine,0,0.00%,0,0.00%,0.00%,Email1,Email1 Link_Number 20,07/23/2019
https://youtube.com/user/usouthernmaine,0,0.00%,0,0.00%,0.00%,Email1,Email1 Link_Number 21,07/23/2019
https://usm.maine.edu/apply,95,15.32%,108,14.48%,1.61%,Email2,Email2 Link_Number 1,07/31/2019
https://usm.maine.edu/costs-financial-aid,79,12.74%,95,12.74%,1.34%,Email2,Email2 Link_Number 2,07/31/2019
https://usm.maine.edu/scholarships,79,12.74%,83,11.13%,1.34%,Email2,Email2 Link_Number 3,07/31/2019
http://usm.maine.edu,78,12.58%,86,11.53%,1.32%,Email2,Email2 Link_Number 4,07/31/2019
https://usm.maine.edu/career-and-employment-hub/internships,77,12.42%,77,10.32%,1.31%,Email2,Email2 Link_Number 5,07/31/2019
https://usm.maine.edu/visit#virtualtour,43,6.94%,45,6.03%,0.73%,Email2,Email2 Link_Number 6,07/31/2019
http://facebook.com/USouthernMaine,39,6.29%,40,5.36%,0.66%,Email2,Email2 Link_Number 7,07/31/2019
http://twitter.com/USouthernMaine,38,6.13%,73,9.79%,0.64%,Email2,Email2 Link_Number 8,07/31/2019
http://instagram.com/USouthernMaine,38,6.13%,71,9.52%,0.64%,Email2,Email2 Link_Number 9,07/31/2019
http://youtube.com/user/USouthernMaine,36,5.81%,36,4.83%,0.61%,Email2,Email2 Link_Number 10,07/31/2019
Unsubscribe,5,0.81%,13,1.74%,0.08%,Email2,Email2 Link_Number 11,07/31/2019
http://usm.maine.edu/high-school-students,4,0.65%,4,0.54%,0.07%,Email2,Email2 Link_Number 12,07/31/2019
http://view.e-usm.maine.edu/?j=feb61176726d0c7b&m=%%ex2;MemberID%%&ls=%%ex2;listsubid%%&l=%%ex2;listid%%&s=%%ex2;SubscriberID%%&jb=%%ex2;_JobSubscriberBatchID%%&ju=%%ex2;joburlid%%,3,0.48%,8,1.07%,0.05%,Email2,Email2 Link_Number 13,07/31/2019
http://click.e-usm.maine.edu/profile_center.aspx?s=%%ex2;subscriberid%%&mid=%%ex2;MemberID%%&j=feb61176726d0c7b&l=%%ex2;listid%%&jb=%%ex2;_JobSubscriberBatchID%%&ju=%%ex2;joburlid%%,3,0.48%,3,0.40%,0.05%,Email2,Email2 Link_Number 14,07/31/2019
http://linkedin.com/edu/school?id=18589,2,0.32%,2,0.27%,0.03%,Email2,Email2 Link_Number 15,07/31/2019
https://twitter.com/usouthernmaine,1,0.16%,2,0.27%,0.02%,Email2,Email2 Link_Number 16,07/31/2019
http://click.e-usm.maine.edu/unsub_center.aspx?s=%%ex2;subscriberid%%&j=feb61176726d0c7b&mid=%%ex2;MemberID%%&lid=%%ex2;listid%%&jb=%%ex2;_JobSubscriberBatchID%%&ju=%%ex2;joburlid%%,0,0.00%,0,0.00%,0.00%,Email2,Email2 Link_Number 17,07/31/2019
http://view.e-usm.maine.edu/ftaf.aspx?j=feb61176726d0c7b&m=%%ex2;MemberID%%&ls=%%ex2;listsubid%%&jb=%%ex2;_JobSubscriberBatchID%%,0,0.00%,0,0.00%,0.00%,Email2,Email2 Link_Number 18,07/31/2019
https://facebook.com/usouthernmaine,0,0.00%,0,0.00%,0.00%,Email2,Email2 Link_Number 19,07/31/2019
https://instagram.com/usouthernmaine,0,0.00%,0,0.00%,0.00%,Email2,Email2 Link_Number 20,07/31/2019
https://www.linkedin.com/school/university-of-southern-maine,0,0.00%,0,0.00%,0.00%,Email2,Email2 Link_Number 21,07/31/2019
https://youtube.com/user/usouthernmaine,0,0.00%,0,0.00%,0.00%,Email2,Email2 Link_Number 22,07/31/2019
Totals,620,,746,,,Email2,Email2 Link_Number 23,07/31/2019
,NA,,NA,,,Email2,Email2 Link_Number 24,07/31/2019
https://usm.maine.edu/apply,102,19.50%,113,18.26%,1.56%,Email3,Email3 Link_Number 1,09/04/2019
http://usm.maine.edu,82,15.68%,94,15.19%,1.25%,Email3,Email3 Link_Number 2,09/04/2019
https://usm.maine.edu/core/usm-core-curriculum#sequencing,79,15.11%,81,13.09%,1.21%,Email3,Email3 Link_Number 3,09/04/2019
https://usm.maine.edu/office-of-admissions/experience-usm,78,14.91%,95,15.35%,1.19%,Email3,Email3 Link_Number 4,09/04/2019
https://usm.maine.edu/advising/fifteen-finish,76,14.53%,89,14.38%,1.16%,Email3,Email3 Link_Number 5,09/04/2019
https://usm.maine.edu/advising/services,75,14.34%,76,12.28%,1.15%,Email3,Email3 Link_Number 6,09/04/2019
Unsubscribe,16,3.06%,52,8.40%,0.24%,Email3,Email3 Link_Number 7,09/04/2019
https://usm.maine.edu/visit#virtualtour,3,0.57%,4,0.65%,0.05%,Email3,Email3 Link_Number 8,09/04/2019
http://click.e-usm.maine.edu/profile_center.aspx?s=%%ex2;subscriberid%%&mid=%%ex2;MemberID%%&j=fec3127174630d79&l=%%ex2;listid%%&jb=%%ex2;_JobSubscriberBatchID%%&ju=%%ex2;joburlid%%,2,0.38%,4,0.65%,0.03%,Email3,Email3 Link_Number 9,09/04/2019
http://usm.maine.edu/high-school-students,2,0.38%,3,0.49%,0.03%,Email3,Email3 Link_Number 10,09/04/2019
http://facebook.com/USouthernMaine,2,0.38%,2,0.32%,0.03%,Email3,Email3 Link_Number 11,09/04/2019
http://instagram.com/USouthernMaine,2,0.38%,2,0.32%,0.03%,Email3,Email3 Link_Number 12,09/04/2019
http://linkedin.com/edu/school?id=18589,1,0.19%,1,0.16%,0.02%,Email3,Email3 Link_Number 13,09/04/2019
http://twitter.com/USouthernMaine,1,0.19%,1,0.16%,0.02%,Email3,Email3 Link_Number 14,09/04/2019
http://view.e-usm.maine.edu/?j=fec3127174630d79&m=%%ex2;MemberID%%&ls=%%ex2;listsubid%%&l=%%ex2;listid%%&s=%%ex2;SubscriberID%%&jb=%%ex2;_JobSubscriberBatchID%%&ju=%%ex2;joburlid%%,1,0.19%,1,0.16%,0.02%,Email3,Email3 Link_Number 15,09/04/2019
http://youtube.com/user/USouthernMaine,1,0.19%,1,0.16%,0.02%,Email3,Email3 Link_Number 16,09/04/2019
http://click.e-usm.maine.edu/unsub_center.aspx?s=%%ex2;subscriberid%%&j=fec3127174630d79&mid=%%ex2;MemberID%%&lid=%%ex2;listid%%&jb=%%ex2;_JobSubscriberBatchID%%&ju=%%ex2;joburlid%%,0,0.00%,0,0.00%,0.00%,Email3,Email3 Link_Number 17,09/04/2019
http://view.e-usm.maine.edu/ftaf.aspx?j=fec3127174630d79&m=%%ex2;MemberID%%&ls=%%ex2;listsubid%%&jb=%%ex2;_JobSubscriberBatchID%%,0,0.00%,0,0.00%,0.00%,Email3,Email3 Link_Number 18,09/04/2019
https://facebook.com/usouthernmaine,0,0.00%,0,0.00%,0.00%,Email3,Email3 Link_Number 19,09/04/2019
https://instagram.com/usouthernmaine,0,0.00%,0,0.00%,0.00%,Email3,Email3 Link_Number 20,09/04/2019
https://twitter.com/usouthernmaine,0,0.00%,0,0.00%,0.00%,Email3,Email3 Link_Number 21,09/04/2019
https://www.linkedin.com/school/university-of-southern-maine,0,0.00%,0,0.00%,0.00%,Email3,Email3 Link_Number 22,09/04/2019
https://youtube.com/user/usouthernmaine,0,0.00%,0,0.00%,0.00%,Email3,Email3 Link_Number 23,09/04/2019
Totals,523,,619,,,Email3,Email3 Link_Number 24,09/04/2019
,NA,,NA,,,Email3,Email3 Link_Number 25,09/04/2019
https://usm.maine.edu/apply,110,16.82%,132,17.30%,1.63%,Email4,Email4 Link_Number 1,09/17/2019
https://usm.maine.edu/residential-life/living-learning-communities,93,14.22%,112,14.68%,1.38%,Email4,Email4 Link_Number 2,09/17/2019
https://usm.maine.edu/residential-life/gender-neutral-housing,91,13.91%,97,12.71%,1.35%,Email4,Email4 Link_Number 3,09/17/2019
https://usm.maine.edu/student-diversity,90,13.76%,101,13.24%,1.34%,Email4,Email4 Link_Number 4,09/17/2019
https://usm.maine.edu/office-of-admissions/video-university-everyone,90,13.76%,90,11.80%,1.34%,Email4,Email4 Link_Number 5,09/17/2019
http://usm.maine.edu,88,13.46%,99,12.98%,1.31%,Email4,Email4 Link_Number 6,09/17/2019
https://usm.maine.edu/visit#virtualtour,24,3.67%,28,3.67%,0.36%,Email4,Email4 Link_Number 7,09/17/2019
https://usm.maine.edu/office-of-admissions/experience-usm,20,3.06%,26,3.41%,0.30%,Email4,Email4 Link_Number 8,09/17/2019
http://twitter.com/USouthernMaine,17,2.60%,33,4.33%,0.25%,Email4,Email4 Link_Number 9,09/17/2019
http://facebook.com/USouthernMaine,17,2.60%,17,2.23%,0.25%,Email4,Email4 Link_Number 10,09/17/2019
Unsubscribe,7,1.07%,21,2.75%,0.10%,Email4,Email4 Link_Number 11,09/17/2019
http://usm.maine.edu/high-school-students,2,0.31%,2,0.26%,0.03%,Email4,Email4 Link_Number 12,09/17/2019
http://view.e-usm.maine.edu/?j=fed112737464077c&m=%%ex2;MemberID%%&ls=%%ex2;listsubid%%&l=%%ex2;listid%%&s=%%ex2;SubscriberID%%&jb=%%ex2;_JobSubscriberBatchID%%&ju=%%ex2;joburlid%%,2,0.31%,2,0.26%,0.03%,Email4,Email4 Link_Number 13,09/17/2019
http://click.e-usm.maine.edu/profile_center.aspx?s=%%ex2;subscriberid%%&mid=%%ex2;MemberID%%&j=fed112737464077c&l=%%ex2;listid%%&jb=%%ex2;_JobSubscriberBatchID%%&ju=%%ex2;joburlid%%,1,0.15%,1,0.13%,0.01%,Email4,Email4 Link_Number 14,09/17/2019
http://linkedin.com/edu/school?id=18589,1,0.15%,1,0.13%,0.01%,Email4,Email4 Link_Number 15,09/17/2019
http://youtube.com/user/USouthernMaine,1,0.15%,1,0.13%,0.01%,Email4,Email4 Link_Number 16,09/17/2019
http://click.e-usm.maine.edu/unsub_center.aspx?s=%%ex2;subscriberid%%&j=fed112737464077c&mid=%%ex2;MemberID%%&lid=%%ex2;listid%%&jb=%%ex2;_JobSubscriberBatchID%%&ju=%%ex2;joburlid%%,0,0.00%,0,0.00%,0.00%,Email4,Email4 Link_Number 17,09/17/2019
http://instagram.com/USouthernMaine,0,0.00%,0,0.00%,0.00%,Email4,Email4 Link_Number 18,09/17/2019
http://view.e-usm.maine.edu/ftaf.aspx?j=fed112737464077c&m=%%ex2;MemberID%%&ls=%%ex2;listsubid%%&jb=%%ex2;_JobSubscriberBatchID%%,0,0.00%,0,0.00%,0.00%,Email4,Email4 Link_Number 19,09/17/2019
https://facebook.com/usouthernmaine,0,0.00%,0,0.00%,0.00%,Email4,Email4 Link_Number 20,09/17/2019
https://instagram.com/usouthernmaine,0,0.00%,0,0.00%,0.00%,Email4,Email4 Link_Number 21,09/17/2019
https://twitter.com/usouthernmaine,0,0.00%,0,0.00%,0.00%,Email4,Email4 Link_Number 22,09/17/2019
https://usm.maine.edu/advising/fifteen-finish,0,0.00%,0,0.00%,0.00%,Email4,Email4 Link_Number 23,09/17/2019
https://www.linkedin.com/school/university-of-southern-maine,0,0.00%,0,0.00%,0.00%,Email4,Email4 Link_Number 24,09/17/2019
https://youtube.com/user/usouthernmaine,0,0.00%,0,0.00%,0.00%,Email4,Email4 Link_Number 25,09/17/2019
Totals,654,,763,,,Email4,Email4 Link_Number 26,09/17/2019
,NA,,NA,,,Email4,Email4 Link_Number 27,09/17/2019
https://usm.maine.edu/apply,105,15.49%,118,15.59%,1.45%,Email5,Email5 Link_Number 1,10/09/2019
https://usm.maine.edu/scholarships,98,14.45%,101,13.34%,1.35%,Email5,Email5 Link_Number 2,10/09/2019
https://usm.maine.edu/office-of-admissions/video-promise-scholarship,92,13.57%,92,12.15%,1.27%,Email5,Email5 Link_Number 3,10/09/2019
https://usm.maine.edu/student-financial-services/fafsa-process-and-deadline,91,13.42%,91,12.02%,1.26%,Email5,Email5 Link_Number 4,10/09/2019
https://usm.maine.edu/office-of-admissions/video-financial-aid-and-affordability,90,13.27%,90,11.89%,1.24%,Email5,Email5 Link_Number 5,10/09/2019
http://usm.maine.edu,89,13.13%,98,12.95%,1.23%,Email5,Email5 Link_Number 6,10/09/2019
https://usm.maine.edu/visit#virtualtour,24,3.54%,28,3.70%,0.33%,Email5,Email5 Link_Number 7,10/09/2019
http://facebook.com/USouthernMaine,24,3.54%,24,3.17%,0.33%,Email5,Email5 Link_Number 8,10/09/2019
https://www.commonapp.org/explore/university-southern-maine,23,3.39%,23,3.04%,0.32%,Email5,Email5 Link_Number 9,10/09/2019
http://twitter.com/USouthernMaine,22,3.25%,42,5.55%,0.30%,Email5,Email5 Link_Number 10,10/09/2019
Unsubscribe,16,2.36%,46,6.08%,0.22%,Email5,Email5 Link_Number 11,10/09/2019
http://instagram.com/USouthernMaine,2,0.30%,2,0.26%,0.03%,Email5,Email5 Link_Number 12,10/09/2019
http://view.e-usm.maine.edu/?j=fec61276776d067d&m=%%ex2;MemberID%%&ls=%%ex2;listsubid%%&l=%%ex2;listid%%&s=%%ex2;SubscriberID%%&jb=%%ex2;_JobSubscriberBatchID%%&ju=%%ex2;joburlid%%,1,0.15%,1,0.13%,0.01%,Email5,Email5 Link_Number 13,10/09/2019
http://youtube.com/user/USouthernMaine,1,0.15%,1,0.13%,0.01%,Email5,Email5 Link_Number 14,10/09/2019
http://click.e-usm.maine.edu/profile_center.aspx?s=%%ex2;subscriberid%%&mid=%%ex2;MemberID%%&j=fec61276776d067d&l=%%ex2;listid%%&jb=%%ex2;_JobSubscriberBatchID%%&ju=%%ex2;joburlid%%,0,0.00%,0,0.00%,0.00%,Email5,Email5 Link_Number 15,10/09/2019
http://click.e-usm.maine.edu/unsub_center.aspx?s=%%ex2;subscriberid%%&j=fec61276776d067d&mid=%%ex2;MemberID%%&lid=%%ex2;listid%%&jb=%%ex2;_JobSubscriberBatchID%%&ju=%%ex2;joburlid%%,0,0.00%,0,0.00%,0.00%,Email5,Email5 Link_Number 16,10/09/2019
http://linkedin.com/edu/school?id=18589,0,0.00%,0,0.00%,0.00%,Email5,Email5 Link_Number 17,10/09/2019
http://usm.maine.edu/high-school-students,0,0.00%,0,0.00%,0.00%,Email5,Email5 Link_Number 18,10/09/2019
http://view.e-usm.maine.edu/ftaf.aspx?j=fec61276776d067d&m=%%ex2;MemberID%%&ls=%%ex2;listsubid%%&jb=%%ex2;_JobSubscriberBatchID%%,0,0.00%,0,0.00%,0.00%,Email5,Email5 Link_Number 19,10/09/2019
https://facebook.com/usouthernmaine,0,0.00%,0,0.00%,0.00%,Email5,Email5 Link_Number 20,10/09/2019
https://instagram.com/usouthernmaine,0,0.00%,0,0.00%,0.00%,Email5,Email5 Link_Number 21,10/09/2019
https://twitter.com/usouthernmaine,0,0.00%,0,0.00%,0.00%,Email5,Email5 Link_Number 22,10/09/2019
https://www.linkedin.com/school/university-of-southern-maine,0,0.00%,0,0.00%,0.00%,Email5,Email5 Link_Number 23,10/09/2019
https://youtube.com/user/usouthernmaine,0,0.00%,0,0.00%,0.00%,Email5,Email5 Link_Number 24,10/09/2019
Totals,678,,757,,,Email5,Email5 Link_Number 25,10/09/2019
,NA,,NA,,,Email5,Email5 Link_Number 26,10/09/2019
https://usm.maine.edu/apply,131,16.93%,146,17.26%,1.74%,Email6,Email6 Link_Number 1,10/23/2019
https://usm.maine.edu/international/study-abroad,105,13.57%,105,12.41%,1.40%,Email6,Email6 Link_Number 2,10/23/2019
https://usm.maine.edu/office-of-admissions/partnership-between-usm-and-iceland-universities,104,13.44%,104,12.29%,1.38%,Email6,Email6 Link_Number 3,10/23/2019
http://usm.maine.edu,103,13.31%,111,13.12%,1.37%,Email6,Email6 Link_Number 4,10/23/2019
https://usm.maine.edu/honors/honors-abroad-overview,103,13.31%,103,12.18%,1.37%,Email6,Email6 Link_Number 5,10/23/2019
https://usm.maine.edu/student-financial-services/fafsa-process-and-deadline,103,13.31%,103,12.18%,1.37%,Email6,Email6 Link_Number 6,10/23/2019
https://usm.maine.edu/visit#virtualtour,31,4.01%,33,3.90%,0.41%,Email6,Email6 Link_Number 7,10/23/2019
https://usm.maine.edu/office-of-admissions/experience-usm,29,3.75%,31,3.66%,0.39%,Email6,Email6 Link_Number 8,10/23/2019
http://twitter.com/USouthernMaine,28,3.62%,55,6.50%,0.37%,Email6,Email6 Link_Number 9,10/23/2019
http://facebook.com/USouthernMaine,28,3.62%,28,3.31%,0.37%,Email6,Email6 Link_Number 10,10/23/2019
Unsubscribe,9,1.16%,27,3.19%,0.12%,Email6,Email6 Link_Number 11,10/23/2019
http://click.e-usm.maine.edu/profile_center.aspx?s=%%ex2;subscriberid%%&mid=%%ex2;MemberID%%&j=fec112787767017b&l=%%ex2;listid%%&jb=%%ex2;_JobSubscriberBatchID%%&ju=%%ex2;joburlid%%,0,0.00%,0,0.00%,0.00%,Email6,Email6 Link_Number 12,10/23/2019
http://click.e-usm.maine.edu/unsub_center.aspx?s=%%ex2;subscriberid%%&j=fec112787767017b&mid=%%ex2;MemberID%%&lid=%%ex2;listid%%&jb=%%ex2;_JobSubscriberBatchID%%&ju=%%ex2;joburlid%%,0,0.00%,0,0.00%,0.00%,Email6,Email6 Link_Number 13,10/23/2019
http://instagram.com/USouthernMaine,0,0.00%,0,0.00%,0.00%,Email6,Email6 Link_Number 14,10/23/2019
http://linkedin.com/edu/school?id=18589,0,0.00%,0,0.00%,0.00%,Email6,Email6 Link_Number 15,10/23/2019
http://usm.maine.edu/high-school-students,0,0.00%,0,0.00%,0.00%,Email6,Email6 Link_Number 16,10/23/2019
http://view.e-usm.maine.edu/?j=fec112787767017b&m=%%ex2;MemberID%%&ls=%%ex2;listsubid%%&l=%%ex2;listid%%&s=%%ex2;SubscriberID%%&jb=%%ex2;_JobSubscriberBatchID%%&ju=%%ex2;joburlid%%,0,0.00%,0,0.00%,0.00%,Email6,Email6 Link_Number 17,10/23/2019
http://view.e-usm.maine.edu/ftaf.aspx?j=fec112787767017b&m=%%ex2;MemberID%%&ls=%%ex2;listsubid%%&jb=%%ex2;_JobSubscriberBatchID%%,0,0.00%,0,0.00%,0.00%,Email6,Email6 Link_Number 18,10/23/2019
http://youtube.com/user/USouthernMaine,0,0.00%,0,0.00%,0.00%,Email6,Email6 Link_Number 19,10/23/2019
https://facebook.com/usouthernmaine,0,0.00%,0,0.00%,0.00%,Email6,Email6 Link_Number 20,10/23/2019
https://instagram.com/usouthernmaine,0,0.00%,0,0.00%,0.00%,Email6,Email6 Link_Number 21,10/23/2019
https://twitter.com/usouthernmaine,0,0.00%,0,0.00%,0.00%,Email6,Email6 Link_Number 22,10/23/2019
https://www.linkedin.com/school/university-of-southern-maine,0,0.00%,0,0.00%,0.00%,Email6,Email6 Link_Number 23,10/23/2019
https://youtube.com/user/usouthernmaine,0,0.00%,0,0.00%,0.00%,Email6,Email6 Link_Number 24,10/23/2019
Totals,774,,846,,,Email6,Email6 Link_Number 25,10/23/2019
,NA,,NA,,,Email6,Email6 Link_Number 26,10/23/2019
